Peptide sequence	Protein accession 	Quantitative information	Retention time
EATAGNPGGQTVR	F8VPD4	192900	10.244
LALGIPLPELR	F8VPD4	273410	36.686
LSLDDLLQR	F8VPD4	6760500	33.138
MAEIGEHVAPSEAANSLEQAQAAAER	F8VPD4	2335300	24.662
MALLATVLGR	F8VPD4	6019000	33.599
SVGEVMGIGR	F8VPD4	520810	18.509
TLGVDLVALATR	F8VPD4	3443600	34
VIMGEEVEPVGLMTGSGVVGVK	F8VPD4	2106600	25.844
VLGTSPEAIDSAENR	F8VPD4	7789200	17.33
VPQFSFSR	F8VPD4	2897500	21.423
AQEENTWFSYLK	K7EN15	3225500	33.313
AVPWVILSDGDGTVEK	K7EN15	1980500	32.665
LDILDMFTEIK	P30520	506330	37.573
MCDLVSDFDGFSER	P30520	532260	31.14
VGIGAFPTEQDNEIGELLQTR	P30520	1893100	38.231
VVDLLAQDADIVCR	P30520	603610	30.013
GALQNIIPASTGAAK	P04406	2509500000	23.01
GILGYTEHQVVSSDFNSDTHSSTFDAGAGIALNDHFVK	P04406	707700	36.947
IISNASCTTNCLAPLAK	P04406	264420000	20.901
IKWGDAGAEYVVESTGVFTTMEK	P04406	1806000	34.166
LEKPAKYDDIK	P04406	1278700	11.853
LISWYDNEFGYSNR	P04406	547650000	31.172
LTGMAFR	P04406	96590000	12.245
LVINGNPITIFQER	P04406	10965000	34.727
LVINGNPITIFQERDPSK	P04406	3583200	32.009
RVIISAPSADAPMFVMGVNHEK	P04406	29396000	25.036
VDIVAINDPFIDLNYMVYMFQYDSTHGK	P04406	5814700	45.713
VGVNGFGR	P04406	111140000	14.097
VIHDNFGIVEGLMTTVHAITATQK	P04406	539860000	39.243
VIISAPSADAPMFVMGVNHEK	P04406	362860000	25.036
VPTANVSVVDLTCR	P04406	277570000	24.371
VVDLMAHMASK	P04406	16195000	11.174
VVDLMAHMASKE	P04406	489980000	11.522
WGDAGAEYVVESTGVFTTMEK	P04406	30295000	34.166
EFMPPGLQELIPFVKPAPIEQEPSK	Q5T5C7	93188	40.721
ELVSCSNCTDYQAR	Q5T5C7	824310	14.371
EPVGDDESVPENVLSFDDLTADALANLK	Q5T5C7	44561	46.997
EVMQEVAQLSQFDEELYK	Q5T5C7	4563500	33.627
GYIPIYTPFFMR	Q5T5C7	7299800	37.433
KEPVGDDESVPENVLSFDDLTADALANLK	Q5T5C7	1686600	44.214
KKEPVGDDESVPENVLSFDDLTADALANLK	Q5T5C7	3258900	42.62
LLIDEAILK	Q5T5C7	10938000	29.728
TICAILENYQTEK	Q5T5C7	3515200	27.239
VLDLDLFR	Q5T5C7	21761000	34.28
YLIATSEQPIAALHR	Q5T5C7	4887500	24.533
